{
    "Ar36": {
        "error": 0.00039806617429249844, 
        "filter_outliers_dict": {
            "filter_outliers": true, 
            "iterations": 1, 
            "std_devs": 2
        }, 
        "fit": "Linear", 
        "value": 0.020635192204749485
    }, 
    "Ar37": {
        "error": 0.010842358136180586, 
        "filter_outliers_dict": {
            "filter_outliers": true, 
            "iterations": 1, 
            "std_devs": 2
        }, 
        "fit": "linear", 
        "value": 0.24009231764259012
    }, 
    "Ar38": {
        "error": 0.0051037298744236, 
        "filter_outliers_dict": {
            "filter_outliers": true, 
            "iterations": 1, 
            "std_devs": 2
        }, 
        "fit": "linear", 
        "value": 1.4747197004350285
    }, 
    "Ar39": {
        "error": 0.02268477210361979, 
        "filter_outliers_dict": {
            "filter_outliers": true, 
            "iterations": 1, 
            "std_devs": 2
        }, 
        "fit": "Linear", 
        "value": 115.90829591557838
    }, 
    "Ar40": {
        "error": 0.051190406134176414, 
        "filter_outliers_dict": {
            "filter_outliers": true, 
            "iterations": 1, 
            "std_devs": 2
        }, 
        "fit": "Linear", 
        "value": 958.9584703109206
    }, 
    "PM41": {
        "error": 0.062585771053188, 
        "filter_outliers_dict": {
            "filter_outliers": false, 
            "iterations": 1, 
            "std_devs": 2
        }, 
        "fit": "linear", 
        "value": -0.0869798772694978
    }
}