{
    "Ar36": {
        "error": 0.0003062133940512992, 
        "filter_outliers_dict": {
            "filter_outliers": true, 
            "iterations": 1, 
            "std_devs": 2
        }, 
        "fit": "Linear", 
        "value": 0.010171838717324608
    }, 
    "Ar37": {
        "error": 0.011636424706939971, 
        "filter_outliers_dict": {
            "filter_outliers": true, 
            "iterations": 1, 
            "std_devs": 2
        }, 
        "fit": "linear", 
        "value": 0.4669105331011784
    }, 
    "Ar38": {
        "error": 0.006036789598835921, 
        "filter_outliers_dict": {
            "filter_outliers": true, 
            "iterations": 1, 
            "std_devs": 2
        }, 
        "fit": "linear", 
        "value": 2.800963549493559
    }, 
    "Ar39": {
        "error": 0.028708707652665155, 
        "filter_outliers_dict": {
            "filter_outliers": true, 
            "iterations": 1, 
            "std_devs": 2
        }, 
        "fit": "Linear", 
        "value": 218.56809566653223
    }, 
    "Ar40": {
        "error": 0.08963288519693655, 
        "filter_outliers_dict": {
            "filter_outliers": true, 
            "iterations": 1, 
            "std_devs": 2
        }, 
        "fit": "Linear", 
        "value": 1800.1810078330666
    }, 
    "PM41": {
        "error": 0.06697950112134572, 
        "filter_outliers_dict": {
            "filter_outliers": false, 
            "iterations": 1, 
            "std_devs": 2
        }, 
        "fit": "linear", 
        "value": -0.08572847318562413
    }
}