{
    "Ar36": {
        "error": 0.00038200032289751804, 
        "filter_outliers_dict": {
            "filter_outliers": true, 
            "iterations": 1, 
            "std_devs": 2
        }, 
        "fit": "Linear", 
        "value": 0.01297792539031372
    }, 
    "Ar37": {
        "error": 0.01112974906893641, 
        "filter_outliers_dict": {
            "filter_outliers": true, 
            "iterations": 1, 
            "std_devs": 2
        }, 
        "fit": "linear", 
        "value": 0.42192470994940445
    }, 
    "Ar38": {
        "error": 0.0044958059680889435, 
        "filter_outliers_dict": {
            "filter_outliers": true, 
            "iterations": 1, 
            "std_devs": 2
        }, 
        "fit": "linear", 
        "value": 2.7319559902036854
    }, 
    "Ar39": {
        "error": 0.02820953657995318, 
        "filter_outliers_dict": {
            "filter_outliers": true, 
            "iterations": 1, 
            "std_devs": 2
        }, 
        "fit": "Linear", 
        "value": 213.6090205270864
    }, 
    "Ar40": {
        "error": 0.08253829093343343, 
        "filter_outliers_dict": {
            "filter_outliers": true, 
            "iterations": 1, 
            "std_devs": 2
        }, 
        "fit": "Linear", 
        "value": 1742.9667418767144
    }, 
    "PM41": {
        "error": 0.0773712422748812, 
        "filter_outliers_dict": {
            "filter_outliers": false, 
            "iterations": 1, 
            "std_devs": 2
        }, 
        "fit": "linear", 
        "value": -0.07907094760518828
    }
}