{
    "Ar36": {
        "error": 0.0005324434000094192, 
        "filter_outliers_dict": {
            "filter_outliers": true, 
            "iterations": 1, 
            "std_devs": 2
        }, 
        "fit": "Linear", 
        "value": 0.05486076719645022
    }, 
    "Ar37": {
        "error": 0.010610928125344978, 
        "filter_outliers_dict": {
            "filter_outliers": true, 
            "iterations": 1, 
            "std_devs": 2
        }, 
        "fit": "linear", 
        "value": 0.5763992155579319
    }, 
    "Ar38": {
        "error": 0.004747825310661325, 
        "filter_outliers_dict": {
            "filter_outliers": true, 
            "iterations": 1, 
            "std_devs": 2
        }, 
        "fit": "linear", 
        "value": 4.250988795869967
    }, 
    "Ar39": {
        "error": 0.030201464063973792, 
        "filter_outliers_dict": {
            "filter_outliers": true, 
            "iterations": 1, 
            "std_devs": 2
        }, 
        "fit": "Linear", 
        "value": 333.64126235891774
    }, 
    "Ar40": {
        "error": 0.11059918921377943, 
        "filter_outliers_dict": {
            "filter_outliers": true, 
            "iterations": 1, 
            "std_devs": 2
        }, 
        "fit": "Linear", 
        "value": 2739.2364365013027
    }, 
    "PM41": {
        "error": 0.07571531610897791, 
        "filter_outliers_dict": {
            "filter_outliers": false, 
            "iterations": 1, 
            "std_devs": 2
        }, 
        "fit": "linear", 
        "value": -0.03432996913856379
    }
}