{
    "Ar36": {
        "error": 0.0004074324662726722, 
        "filter_outliers_dict": {
            "filter_outliers": true, 
            "iterations": 1, 
            "std_devs": 2
        }, 
        "fit": "Linear", 
        "value": 0.025024649650097288
    }, 
    "Ar37": {
        "error": 0.011110890253368456, 
        "filter_outliers_dict": {
            "filter_outliers": true, 
            "iterations": 1, 
            "std_devs": 2
        }, 
        "fit": "linear", 
        "value": 0.4355244502348505
    }, 
    "Ar38": {
        "error": 0.0058860464918109095, 
        "filter_outliers_dict": {
            "filter_outliers": true, 
            "iterations": 1, 
            "std_devs": 2
        }, 
        "fit": "linear", 
        "value": 2.430952503799514
    }, 
    "Ar39": {
        "error": 0.027220284275984937, 
        "filter_outliers_dict": {
            "filter_outliers": true, 
            "iterations": 1, 
            "std_devs": 2
        }, 
        "fit": "Linear", 
        "value": 186.40326355918432
    }, 
    "Ar40": {
        "error": 0.08865526713172918, 
        "filter_outliers_dict": {
            "filter_outliers": true, 
            "iterations": 1, 
            "std_devs": 2
        }, 
        "fit": "Linear", 
        "value": 1523.3966330221392
    }, 
    "PM41": {
        "error": 0.07476529590134866, 
        "filter_outliers_dict": {
            "filter_outliers": false, 
            "iterations": 1, 
            "std_devs": 2
        }, 
        "fit": "linear", 
        "value": -0.09414450496621163
    }
}